52.67.194.125,BRA-AWS-O2C,33456,80,2019-05-02 12:37:00
52.67.194.125,BRA-AWS-O2C,33457,443,2019-05-02 12:38:05
52.67.194.125,BRA-AWS-O2C,33458,1081,2019-05-02 12:39:10
52.67.194.125,BRA-AWS-O2C,33459,5202,2019-05-02 12:40:15
34.217.77.209,OR-AWS-O2C,33460,80,2019-05-02 12:41:20
34.217.77.209,OR-AWS-O2C,33461,443,2019-05-02 12:42:25
34.217.77.209,OR-AWS-O2C,33462,1082,2019-05-02 12:43:30
34.217.77.209,OR-AWS-O2C,33463,5202,2019-05-02 12:44:35
13.48.6.9,SWE-AWS-O2C,33464,80,2019-05-02 12:37:00
13.48.6.9,SWE-AWS-O2C,33465,443,2019-05-02 12:38:05
13.48.6.9,SWE-AWS-O2C,33466,1083,2019-05-02 12:39:10
13.48.6.9,SWE-AWS-O2C,33467,5202,2019-05-02 12:40:15
13.125.44.223,KOR-AWS-O2C,33468,80,2019-05-02 12:41:20
13.125.44.223,KOR-AWS-O2C,33469,443,2019-05-02 12:42:25
13.125.44.223,KOR-AWS-O2C,33470,1084,2019-05-02 12:43:30
13.125.44.223,KOR-AWS-O2C,33471,5202,2019-05-02 12:44:35
52.62.247.88,AUS-AWS-O2C,33472,80,2019-05-03 12:37:00
52.62.247.88,AUS-AWS-O2C,33473,443,2019-05-03 12:38:05
52.62.247.88,AUS-AWS-O2C,33474,1085,2019-05-03 12:39:10
52.62.247.88,AUS-AWS-O2C,33475,5202,2019-05-03 12:40:15
52.90.209.164,VG-AWS-O2C,33476,80,2019-05-03 12:41:20
52.90.209.164,VG-AWS-O2C,33477,443,2019-05-03 12:42:25
52.90.209.164,VG-AWS-O2C,33478,1086,2019-05-03 12:43:30
52.90.209.164,VG-AWS-O2C,33479,5202,2019-05-03 12:44:35
13.58.240.169,OH-AWS-O2C,33480,80,2019-05-03 12:37:00
13.58.240.169,OH-AWS-O2C,33481,443,2019-05-03 12:38:05
13.58.240.169,OH-AWS-O2C,33482,1087,2019-05-03 12:39:10
13.58.240.169,OH-AWS-O2C,33483,5202,2019-05-03 12:40:15
206.189.156.225,SGP-DGO-O2C,33484,80,2019-05-03 12:41:20
206.189.156.225,SGP-DGO-O2C,33485,443,2019-05-03 12:42:25
206.189.156.225,SGP-DGO-O2C,33486,1088,2019-05-03 12:43:30
206.189.156.225,SGP-DGO-O2C,33487,5202,2019-05-03 12:44:35
