185.180.199.28,RUS-KSV-O2C,33456,80,2019-05-02 15:13:00
185.180.199.28,RUS-KSV-O2C,33457,443,2019-05-02 15:14:05
185.180.199.28,RUS-KSV-O2C,33458,1095,2019-05-02 15:15:10
185.180.199.28,RUS-KSV-O2C,33459,5208,2019-05-02 15:16:15
18.179.203.167,JPN-AWS-O2C,33460,80,2019-05-02 15:17:20
18.179.203.167,JPN-AWS-O2C,33461,443,2019-05-02 15:18:25
18.179.203.167,JPN-AWS-O2C,33462,1080,2019-05-02 15:19:30
18.179.203.167,JPN-AWS-O2C,33463,5208,2019-05-02 15:20:35
52.67.194.125,BRA-AWS-O2C,33464,80,2019-05-02 15:13:00
52.67.194.125,BRA-AWS-O2C,33465,443,2019-05-02 15:14:05
52.67.194.125,BRA-AWS-O2C,33466,1081,2019-05-02 15:15:10
52.67.194.125,BRA-AWS-O2C,33467,5208,2019-05-02 15:16:15
34.217.77.209,OR-AWS-O2C,33468,80,2019-05-02 15:17:20
34.217.77.209,OR-AWS-O2C,33469,443,2019-05-02 15:18:25
34.217.77.209,OR-AWS-O2C,33470,1082,2019-05-02 15:19:30
34.217.77.209,OR-AWS-O2C,33471,5208,2019-05-02 15:20:35
13.48.6.9,SWE-AWS-O2C,33472,80,2019-05-03 15:13:00
13.48.6.9,SWE-AWS-O2C,33473,443,2019-05-03 15:14:05
13.48.6.9,SWE-AWS-O2C,33474,1083,2019-05-03 15:15:10
13.48.6.9,SWE-AWS-O2C,33475,5208,2019-05-03 15:16:15
13.125.44.223,KOR-AWS-O2C,33476,80,2019-05-03 15:17:20
13.125.44.223,KOR-AWS-O2C,33477,443,2019-05-03 15:18:25
13.125.44.223,KOR-AWS-O2C,33478,1084,2019-05-03 15:19:30
13.125.44.223,KOR-AWS-O2C,33479,5208,2019-05-03 15:20:35
52.62.247.88,AUS-AWS-O2C,33480,80,2019-05-03 15:13:00
52.62.247.88,AUS-AWS-O2C,33481,443,2019-05-03 15:14:05
52.62.247.88,AUS-AWS-O2C,33482,1085,2019-05-03 15:15:10
52.62.247.88,AUS-AWS-O2C,33483,5208,2019-05-03 15:16:15
52.90.209.164,VG-AWS-O2C,33484,80,2019-05-03 15:17:20
52.90.209.164,VG-AWS-O2C,33485,443,2019-05-03 15:18:25
52.90.209.164,VG-AWS-O2C,33486,1086,2019-05-03 15:19:30
52.90.209.164,VG-AWS-O2C,33487,5208,2019-05-03 15:20:35
