34.217.77.209,OR-AWS-O2C,33456,80,2019-05-02 12:52:00
34.217.77.209,OR-AWS-O2C,33457,443,2019-05-02 12:53:05
34.217.77.209,OR-AWS-O2C,33458,1082,2019-05-02 12:54:10
34.217.77.209,OR-AWS-O2C,33459,5203,2019-05-02 12:55:15
13.48.6.9,SWE-AWS-O2C,33460,80,2019-05-02 12:56:20
13.48.6.9,SWE-AWS-O2C,33461,443,2019-05-02 12:57:25
13.48.6.9,SWE-AWS-O2C,33462,1083,2019-05-02 12:58:30
13.48.6.9,SWE-AWS-O2C,33463,5203,2019-05-02 12:59:35
13.125.44.223,KOR-AWS-O2C,33464,80,2019-05-02 12:52:00
13.125.44.223,KOR-AWS-O2C,33465,443,2019-05-02 12:53:05
13.125.44.223,KOR-AWS-O2C,33466,1084,2019-05-02 12:54:10
13.125.44.223,KOR-AWS-O2C,33467,5203,2019-05-02 12:55:15
52.62.247.88,AUS-AWS-O2C,33468,80,2019-05-02 12:56:20
52.62.247.88,AUS-AWS-O2C,33469,443,2019-05-02 12:57:25
52.62.247.88,AUS-AWS-O2C,33470,1085,2019-05-02 12:58:30
52.62.247.88,AUS-AWS-O2C,33471,5203,2019-05-02 12:59:35
52.90.209.164,VG-AWS-O2C,33472,80,2019-05-03 12:52:00
52.90.209.164,VG-AWS-O2C,33473,443,2019-05-03 12:53:05
52.90.209.164,VG-AWS-O2C,33474,1086,2019-05-03 12:54:10
52.90.209.164,VG-AWS-O2C,33475,5203,2019-05-03 12:55:15
13.58.240.169,OH-AWS-O2C,33476,80,2019-05-03 12:56:20
13.58.240.169,OH-AWS-O2C,33477,443,2019-05-03 12:57:25
13.58.240.169,OH-AWS-O2C,33478,1087,2019-05-03 12:58:30
13.58.240.169,OH-AWS-O2C,33479,5203,2019-05-03 12:59:35
206.189.156.225,SGP-DGO-O2C,33480,80,2019-05-03 12:52:00
206.189.156.225,SGP-DGO-O2C,33481,443,2019-05-03 12:53:05
206.189.156.225,SGP-DGO-O2C,33482,1088,2019-05-03 12:54:10
206.189.156.225,SGP-DGO-O2C,33483,5203,2019-05-03 12:55:15
142.93.173.127,DEU-DGO-O2C,33484,80,2019-05-03 12:56:20
142.93.173.127,DEU-DGO-O2C,33485,443,2019-05-03 12:57:25
142.93.173.127,DEU-DGO-O2C,33486,1089,2019-05-03 12:58:30
142.93.173.127,DEU-DGO-O2C,33487,5203,2019-05-03 12:59:35
