104.248.124.123,NY-DGO-O2C,33456,80,2019-05-02 12:59:00
104.248.124.123,NY-DGO-O2C,33457,443,2019-05-02 13:00:05
104.248.124.123,NY-DGO-O2C,33458,1094,2019-05-02 13:01:10
104.248.124.123,NY-DGO-O2C,33459,5207,2019-05-02 13:02:15
185.180.199.28,RUS-KSV-O2C,33460,80,2019-05-02 13:03:20
185.180.199.28,RUS-KSV-O2C,33461,443,2019-05-02 13:04:25
185.180.199.28,RUS-KSV-O2C,33462,1095,2019-05-02 13:05:30
185.180.199.28,RUS-KSV-O2C,33463,5207,2019-05-02 13:06:35
18.179.203.167,JPN-AWS-O2C,33464,80,2019-05-02 12:59:00
18.179.203.167,JPN-AWS-O2C,33465,443,2019-05-02 13:00:05
18.179.203.167,JPN-AWS-O2C,33466,1080,2019-05-02 13:01:10
18.179.203.167,JPN-AWS-O2C,33467,5207,2019-05-02 13:02:15
52.67.194.125,BRA-AWS-O2C,33468,80,2019-05-02 13:03:20
52.67.194.125,BRA-AWS-O2C,33469,443,2019-05-02 13:04:25
52.67.194.125,BRA-AWS-O2C,33470,1081,2019-05-02 13:05:30
52.67.194.125,BRA-AWS-O2C,33471,5207,2019-05-02 13:06:35
34.217.77.209,OR-AWS-O2C,33472,80,2019-05-03 12:59:00
34.217.77.209,OR-AWS-O2C,33473,443,2019-05-03 13:00:05
34.217.77.209,OR-AWS-O2C,33474,1082,2019-05-03 13:01:10
34.217.77.209,OR-AWS-O2C,33475,5207,2019-05-03 13:02:15
13.48.6.9,SWE-AWS-O2C,33476,80,2019-05-03 13:03:20
13.48.6.9,SWE-AWS-O2C,33477,443,2019-05-03 13:04:25
13.48.6.9,SWE-AWS-O2C,33478,1083,2019-05-03 13:05:30
13.48.6.9,SWE-AWS-O2C,33479,5207,2019-05-03 13:06:35
13.125.44.223,KOR-AWS-O2C,33480,80,2019-05-03 12:59:00
13.125.44.223,KOR-AWS-O2C,33481,443,2019-05-03 13:00:05
13.125.44.223,KOR-AWS-O2C,33482,1084,2019-05-03 13:01:10
13.125.44.223,KOR-AWS-O2C,33483,5207,2019-05-03 13:02:15
52.62.247.88,AUS-AWS-O2C,33484,80,2019-05-03 13:03:20
52.62.247.88,AUS-AWS-O2C,33485,443,2019-05-03 13:04:25
52.62.247.88,AUS-AWS-O2C,33486,1085,2019-05-03 13:05:30
52.62.247.88,AUS-AWS-O2C,33487,5207,2019-05-03 13:06:35
