18.179.203.167,JPN-AWS-O2C,33456,80,2019-05-02 14:53:00
18.179.203.167,JPN-AWS-O2C,33457,443,2019-05-02 14:54:05
18.179.203.167,JPN-AWS-O2C,33458,1080,2019-05-02 14:55:10
18.179.203.167,JPN-AWS-O2C,33459,5201,2019-05-02 14:56:15
52.67.194.125,BRA-AWS-O2C,33460,80,2019-05-02 14:57:20
52.67.194.125,BRA-AWS-O2C,33461,443,2019-05-02 14:58:25
52.67.194.125,BRA-AWS-O2C,33462,1081,2019-05-02 14:59:30
52.67.194.125,BRA-AWS-O2C,33463,5201,2019-05-02 15:00:35
34.217.77.209,OR-AWS-O2C,33464,80,2019-05-02 14:53:00
34.217.77.209,OR-AWS-O2C,33465,443,2019-05-02 14:54:05
34.217.77.209,OR-AWS-O2C,33466,1082,2019-05-02 14:55:10
34.217.77.209,OR-AWS-O2C,33467,5201,2019-05-02 14:56:15
13.48.6.9,SWE-AWS-O2C,33468,80,2019-05-02 14:57:20
13.48.6.9,SWE-AWS-O2C,33469,443,2019-05-02 14:58:25
13.48.6.9,SWE-AWS-O2C,33470,1083,2019-05-02 14:59:30
13.48.6.9,SWE-AWS-O2C,33471,5201,2019-05-02 15:00:35
13.125.44.223,KOR-AWS-O2C,33472,80,2019-05-03 14:53:00
13.125.44.223,KOR-AWS-O2C,33473,443,2019-05-03 14:54:05
13.125.44.223,KOR-AWS-O2C,33474,1084,2019-05-03 14:55:10
13.125.44.223,KOR-AWS-O2C,33475,5201,2019-05-03 14:56:15
52.62.247.88,AUS-AWS-O2C,33476,80,2019-05-03 14:57:20
52.62.247.88,AUS-AWS-O2C,33477,443,2019-05-03 14:58:25
52.62.247.88,AUS-AWS-O2C,33478,1085,2019-05-03 14:59:30
52.62.247.88,AUS-AWS-O2C,33479,5201,2019-05-03 15:00:35
52.90.209.164,VG-AWS-O2C,33480,80,2019-05-03 14:53:00
52.90.209.164,VG-AWS-O2C,33481,443,2019-05-03 14:54:05
52.90.209.164,VG-AWS-O2C,33482,1086,2019-05-03 14:55:10
52.90.209.164,VG-AWS-O2C,33483,5201,2019-05-03 14:56:15
13.58.240.169,OH-AWS-O2C,33484,80,2019-05-03 14:57:20
13.58.240.169,OH-AWS-O2C,33485,443,2019-05-03 14:58:25
13.58.240.169,OH-AWS-O2C,33486,1087,2019-05-03 14:59:30
13.58.240.169,OH-AWS-O2C,33487,5201,2019-05-03 15:00:35
