159.203.44.95,CAN-DGO-O2C,33456,80,2019-05-02 13:14:00
159.203.44.95,CAN-DGO-O2C,33457,443,2019-05-02 13:15:05
159.203.44.95,CAN-DGO-O2C,33458,1091,2019-05-02 13:16:10
159.203.44.95,CAN-DGO-O2C,33459,5204,2019-05-02 13:17:15
138.197.195.141,SF-DGO-O2C,33460,80,2019-05-02 13:18:20
138.197.195.141,SF-DGO-O2C,33461,443,2019-05-02 13:19:25
138.197.195.141,SF-DGO-O2C,33462,1092,2019-05-02 13:20:30
138.197.195.141,SF-DGO-O2C,33463,5204,2019-05-02 13:21:35
134.209.25.12,GBR-DGO-O2C,33464,80,2019-05-02 13:14:00
134.209.25.12,GBR-DGO-O2C,33465,443,2019-05-02 13:15:05
134.209.25.12,GBR-DGO-O2C,33466,1093,2019-05-02 13:16:10
134.209.25.12,GBR-DGO-O2C,33467,5204,2019-05-02 13:17:15
104.248.124.123,NY-DGO-O2C,33468,80,2019-05-02 13:18:20
104.248.124.123,NY-DGO-O2C,33469,443,2019-05-02 13:19:25
104.248.124.123,NY-DGO-O2C,33470,1094,2019-05-02 13:20:30
104.248.124.123,NY-DGO-O2C,33471,5204,2019-05-02 13:21:35
185.180.199.28,RUS-KSV-O2C,33472,80,2019-05-03 13:14:00
185.180.199.28,RUS-KSV-O2C,33473,443,2019-05-03 13:15:05
185.180.199.28,RUS-KSV-O2C,33474,1095,2019-05-03 13:16:10
185.180.199.28,RUS-KSV-O2C,33475,5204,2019-05-03 13:17:15
18.179.203.167,JPN-AWS-O2C,33476,80,2019-05-03 13:18:20
18.179.203.167,JPN-AWS-O2C,33477,443,2019-05-03 13:19:25
18.179.203.167,JPN-AWS-O2C,33478,1080,2019-05-03 13:20:30
18.179.203.167,JPN-AWS-O2C,33479,5204,2019-05-03 13:21:35
52.67.194.125,BRA-AWS-O2C,33480,80,2019-05-03 13:14:00
52.67.194.125,BRA-AWS-O2C,33481,443,2019-05-03 13:15:05
52.67.194.125,BRA-AWS-O2C,33482,1081,2019-05-03 13:16:10
52.67.194.125,BRA-AWS-O2C,33483,5204,2019-05-03 13:17:15
34.217.77.209,OR-AWS-O2C,33484,80,2019-05-03 13:18:20
34.217.77.209,OR-AWS-O2C,33485,443,2019-05-03 13:19:25
34.217.77.209,OR-AWS-O2C,33486,1082,2019-05-03 13:20:30
34.217.77.209,OR-AWS-O2C,33487,5204,2019-05-03 13:21:35
